,Restaurant,URL,Latitude,Longitude,Latitude & Longitude
0,Greenwich - Isetann Recto,https://food.grab.com/ph/en/restaurant/bonchon-legarda-available-for-long-distance-delivery-delivery/PHGFSTI000004jb,14.5995,120.9842,"14.5995,120.9842"
1,Turks - Recto,https://food.grab.com/ph/en/restaurant/popeyes-sm-manila-available-for-long-distance-delivery-delivery/2-CZMHAYAGMEC1SE,14.5995,120.9842,"14.5995,120.9842"
2,Classic Savory - SM Manila [Available for LONG-DISTANCE DELIVERY],https://food.grab.com/ph/en/restaurant/boodle-inasal-x-happy-thirstday-sampaloc-available-for-long-distance-delivery-delivery/2-C2J3BF3DSA2YRX,14.5995,120.9842,"14.5995,120.9842"
3,Buffalo's Wings N' Things - SM Manila [Available for LONG-DISTANCE DELIVERY],https://food.grab.com/ph/en/restaurant/tokyo-tokyo-sm-manila-available-for-long-distance-delivery-delivery/PHGFSTI0000018o,14.5995,120.9842,"14.5995,120.9842"
4,Chooks To Go - Legarda Street Manila,https://food.grab.com/ph/en/restaurant/wendy-s-sm-manila-available-for-long-distance-delivery-delivery/PHGFSTI0000018l,14.5995,120.9842,"14.5995,120.9842"
5,Goldilocks - SM Manila Foodshop,https://food.grab.com/ph/en/restaurant/david-s-tea-house-sta-cruz-available-for-long-distance-delivery-delivery/PHGFSTI0000019k,14.5995,120.9842,"14.5995,120.9842"
6,King Sisig - Isetann Recto [Available for LONG-DISTANCE DELIVERY],https://food.grab.com/ph/en/restaurant/s-r-new-york-style-pizza-sm-manila-available-for-long-distance-delivery-delivery/AWj-WS3KfYWaYaQC48h5,14.5995,120.9842,"14.5995,120.9842"
7,Yi Fang Taiwan Fruit Tea - Binondo [Available for LONG-DISTANCE DELIVERY],https://food.grab.com/ph/en/restaurant/mang-inasal-hidalgo-delivery/2-CZDEV76BTN4BLX,14.5995,120.9842,"14.5995,120.9842"
8,Pizza Hut - CM Recto [Available for LONG-DISTANCE DELIVERY],https://food.grab.com/ph/en/restaurant/kenny-rogers-roasters-sm-manila-available-for-long-distance-delivery-delivery/PHGFSTI000001ek,14.5995,120.9842,"14.5995,120.9842"
9,Kyu Kyu Ramen 99 - SM Manila [Available for LONG-DISTANCE DELIVERY],https://food.grab.com/ph/en/restaurant/wai-ying-fastfood-binondo-available-for-long-distance-delivery-delivery/2-C2MFREUZN6WKLN,14.5995,120.9842,"14.5995,120.9842"
10,Hap Chan - Tomas Mapua [Available for LONG-DISTANCE DELIVERY],https://food.grab.com/ph/en/restaurant/jollibee-raon-delivery/2-CZC1EZEYACBTCX,14.5995,120.9842,"14.5995,120.9842"
11,Golden Fortune Seafood Restaurant - Binondo [Available for LONG-DISTANCE DELIVERY],https://food.grab.com/ph/en/restaurant/mcdonald-s-isetann-recto-delivery/2-CZJGLA3CV4AJLT,14.5995,120.9842,"14.5995,120.9842"
12,Hong Kong Noodles & Dimsum House - Quiapo [Available for LONG-DISTANCE DELIVERY],https://food.grab.com/ph/en/restaurant/kfc-good-earth-delivery/2-CYU3LAJUVJM1AN,14.5995,120.9842,"14.5995,120.9842"
13,Black Scoop Cafe - Legarda [Available for LONG-DISTANCE DELIVERY],https://food.grab.com/ph/en/restaurant/chowking-paterno-delivery/2-CYMHN7KBGB4VJN,14.5995,120.9842,"14.5995,120.9842"
14,Sausage Supreme - Sampaloc [Available for LONG-DISTANCE DELIVERY],https://food.grab.com/ph/en/restaurant/hot-star-large-fried-chicken-laperal-available-for-long-distance-delivery-delivery/PHGFSTI000000tp,14.5995,120.9842,"14.5995,120.9842"
15,Mr. Ube Rice and Noodle Haus - Ongpin Street [Available for LONG-DISTANCE DELIVERY],https://food.grab.com/ph/en/restaurant/chuan-kee-turo-turo-ongpin-street-available-for-long-distance-delivery-delivery/2-CZNFE361TKDVGX,14.5995,120.9842,"14.5995,120.9842"
16,19 Degrees - Cloud Kitchen Binondo [Available for LONG-DISTANCE DELIVERY],https://food.grab.com/ph/en/restaurant/tim-hortons-ceu-delivery/2-CZAHEABBVN3JRE,14.5995,120.9842,"14.5995,120.9842"
17,Kuya J Restaurant - SM Manila [Available for LONG-DISTANCE DELIVERY],https://food.grab.com/ph/en/restaurant/starbucks-pacific-center-binondo-available-for-long-distance-delivery-delivery/2-CY42TKKBTU4DA2,14.5995,120.9842,"14.5995,120.9842"
18,Andok's - Quiapo,https://food.grab.com/ph/en/restaurant/red-ribbon-binondo-delivery/2-CYTWMEXGLZDTGX,14.5995,120.9842,"14.5995,120.9842"
19,Zagu - Carriedo,https://food.grab.com/ph/en/restaurant/the-aristocrat-restaurant-sm-manila-available-for-long-distance-delivery-delivery/2-C2LGNT4HGCCBEN,14.5995,120.9842,"14.5995,120.9842"
20,The Great Buddha Cafe - Ongpin [Available for LONG-DISTANCE DELIVERY],https://food.grab.com/ph/en/restaurant/greenwich-isetann-recto-delivery/2-CZD1JGLJABBVVA,14.5995,120.9842,"14.5995,120.9842"
21,Cafe Mary Grace - SM Manila [Available for LONG-DISTANCE DELIVERY],https://food.grab.com/ph/en/restaurant/turks-recto-delivery/2-CYUJJNU2N6KFTA,14.5995,120.9842,"14.5995,120.9842"
22,Botejyu - SM Manila [Available for LONG-DISTANCE DELIVERY],https://food.grab.com/ph/en/restaurant/classic-savory-sm-manila-available-for-long-distance-delivery-delivery/PHGFSTI000001to,14.5995,120.9842,"14.5995,120.9842"
23,Bulalo World - Isetann Recto [Available for LONG-DISTANCE DELIVERY],https://food.grab.com/ph/en/restaurant/buffalo-s-wings-n-things-sm-manila-available-for-long-distance-delivery-delivery/PHGFSTI000001ce,14.5995,120.9842,"14.5995,120.9842"
24,MDM Food House - Sta. Cruz [Available for LONG-DISTANCE DELIVERY],https://food.grab.com/ph/en/restaurant/chooks-to-go-legarda-street-manila-delivery/AWhenY1ckk5cOZVWu4Ya,14.5995,120.9842,"14.5995,120.9842"
25,Max's Restaurant - SM Manila [Available for LONG-DISTANCE DELIVERY],https://food.grab.com/ph/en/restaurant/goldilocks-sm-manila-foodshop-delivery/PHGFSTI000001u2,14.5995,120.9842,"14.5995,120.9842"
26,Lechon Haus - SM Manila [Available for LONG-DISTANCE DELIVERY],https://food.grab.com/ph/en/restaurant/king-sisig-isetann-recto-available-for-long-distance-delivery-delivery/2-CYMABFMXBF43CN,14.5995,120.9842,"14.5995,120.9842"
27,Lord Stow's Bakery - Ongpin [Available for LONG-DISTANCE DELIVERY],https://food.grab.com/ph/en/restaurant/yi-fang-taiwan-fruit-tea-binondo-available-for-long-distance-delivery-delivery/2-CYTJJB21TEM3BA,14.5995,120.9842,"14.5995,120.9842"
28,Uncle John's Chicken by Mini Stop - Escolta,https://food.grab.com/ph/en/restaurant/pizza-hut-cm-recto-available-for-long-distance-delivery-delivery/2-CYLCMEJHCNTCGJ,14.5995,120.9842,"14.5995,120.9842"
29,Crazy Chops - Sampaloc [Available for LONG-DISTANCE DELIVERY],https://food.grab.com/ph/en/restaurant/kyu-kyu-ramen-99-sm-manila-available-for-long-distance-delivery-delivery/2-C3AYE2VKAJWVJJ,14.5995,120.9842,"14.5995,120.9842"
30,Ate Rica's Bacsilog - Shopper's Mart [Available for LONG-DISTANCE DELIVERY],https://food.grab.com/ph/en/restaurant/hap-chan-tomas-mapua-available-for-long-distance-delivery-delivery/PHGFSTI000001ct,14.5995,120.9842,"14.5995,120.9842"
31,Gong Cha - SM Manila [Available for LONG-DISTANCE DELIVERY],https://food.grab.com/ph/en/restaurant/golden-fortune-seafood-restaurant-binondo-available-for-long-distance-delivery-delivery/PHGFSTI000001cl,14.5995,120.9842,"14.5995,120.9842"
32,Supreme Wings - Sampaloc [Available for LONG-DISTANCE DELIVERY],https://food.grab.com/ph/en/restaurant/hong-kong-noodles-dimsum-house-quiapo-available-for-long-distance-delivery-delivery/PHGFSTI000001d8,14.5995,120.9842,"14.5995,120.9842"
33,Inasal Chicken Bacolod - SM Manila [Available for LONG-DISTANCE DELIVERY],https://food.grab.com/ph/en/restaurant/black-scoop-cafe-legarda-available-for-long-distance-delivery-delivery/2-CY22C6CCSADZG2,14.5995,120.9842,"14.5995,120.9842"
34,Fudo-San - SM Manila,https://food.grab.com/ph/en/restaurant/sausage-supreme-sampaloc-available-for-long-distance-delivery-delivery/2-CZNTDBLDT8DJRA,14.5995,120.9842,"14.5995,120.9842"
35,Cafe Mezzanine - Binondo,https://food.grab.com/ph/en/restaurant/mr-ube-rice-and-noodle-haus-ongpin-street-available-for-long-distance-delivery-delivery/PHGFSTI000001p9,14.5995,120.9842,"14.5995,120.9842"
36,Bo's Coffee - Espana [Available for LONG-DISTANCE DELIVERY],https://food.grab.com/ph/en/restaurant/19-degrees-cloud-kitchen-binondo-available-for-long-distance-delivery-delivery/2-C233J6AXPGD3V2,14.5995,120.9842,"14.5995,120.9842"
37,The Alley It's Time for Tea - SM Manila [Available for LONG-DISTANCE DELIVERY,https://food.grab.com/ph/en/restaurant/kuya-j-restaurant-sm-manila-available-for-long-distance-delivery-delivery/PHGFSTI000001eh,14.5995,120.9842,"14.5995,120.9842"
38,Scorched Smokehouse - SM Manila,https://food.grab.com/ph/en/restaurant/andok-s-quiapo-delivery/2-CYTCLAX2RFEYEJ,14.5995,120.9842,"14.5995,120.9842"
39,Chica's Bagnet Express - Ongpin Street [Available for LONG-DISTANCE DELIVERY,https://food.grab.com/ph/en/restaurant/zagu-carriedo-delivery/2-C23KCYNANNDJNN,14.5995,120.9842,"14.5995,120.9842"
40,Happy Thirstday - Sampaloc [Available for LONG-DISTANCE DELIVERY],https://food.grab.com/ph/en/restaurant/the-great-buddha-cafe-ongpin-available-for-long-distance-delivery-delivery/2-CZBAACMYE6VTHE,14.5995,120.9842,"14.5995,120.9842"
41,De Original Jamaican Pattie Shop - SM Manila,https://food.grab.com/ph/en/restaurant/cafe-mary-grace-sm-manila-available-for-long-distance-delivery-delivery/PHGFSTI000001ch,14.5995,120.9842,"14.5995,120.9842"
42,Lugaw King - SM Manila,https://food.grab.com/ph/en/restaurant/botejyu-sm-manila-available-for-long-distance-delivery-delivery/2-C2NKRLDJPBBERN,14.5995,120.9842,"14.5995,120.9842"
43,Sharetea - Ongpin,https://food.grab.com/ph/en/restaurant/bulalo-world-isetann-recto-available-for-long-distance-delivery-delivery/2-CYMAEFJXNUX1SE,14.5995,120.9842,"14.5995,120.9842"
44,Chapes Keto Mompreneur - Manila [Available for LONG-DISTANCE DELIVERY],https://food.grab.com/ph/en/restaurant/mdm-food-house-sta-cruz-available-for-long-distance-delivery-delivery/2-C3CUREWECVJKE6,14.5995,120.9842,"14.5995,120.9842"
45,Go Bento - Legarda [Available for LONG-DISTANCE DELIVERY],https://food.grab.com/ph/en/restaurant/max-s-restaurant-sm-manila-available-for-long-distance-delivery-delivery/2-CYKZLAXTEEVTVE,14.5995,120.9842,"14.5995,120.9842"
46,Tio Paengs - Loyola [Available for LONG-DISTANCE DELIVERY],https://food.grab.com/ph/en/restaurant/lechon-haus-sm-manila-available-for-long-distance-delivery-delivery/AWkO-mMWfYWaYaQC5G2x,14.5995,120.9842,"14.5995,120.9842"
47,One Zo Tapioca - Recto [Available for LONG-DISTANCE DELIVERY],https://food.grab.com/ph/en/restaurant/lord-stow-s-bakery-ongpin-available-for-long-distance-delivery-delivery/2-C2WBJPWDVBJJHE,14.5995,120.9842,"14.5995,120.9842"
48,President Grand Palace Resturant - Binondo [Available for LONG-DISTANCE DELIVERY],https://food.grab.com/ph/en/restaurant/uncle-john-s-chicken-by-mini-stop-escolta-delivery/2-CYNDEYNDSBU2RN,14.5995,120.9842,"14.5995,120.9842"
49,Nessa's Kitchen - Santa Cruz Manila [Available for LONG-DISTANCE DELIVERY],https://food.grab.com/ph/en/restaurant/crazy-chops-sampaloc-available-for-long-distance-delivery-delivery/2-CZMVEKT3CCBJJN,14.5995,120.9842,"14.5995,120.9842"
50,Shark's Bistro - Padre Noval Street,https://food.grab.com/ph/en/restaurant/ate-rica-s-bacsilog-shopper-s-mart-available-for-long-distance-delivery-delivery/2-CYTJJX2HGFA3PE,14.5995,120.9842,"14.5995,120.9842"
51,The Sushi Box - SM Manila,https://food.grab.com/ph/en/restaurant/gong-cha-sm-manila-available-for-long-distance-delivery-delivery/2-C2KZC4NUKBAKUE,14.5995,120.9842,"14.5995,120.9842"
52,Dunkin' - Zen Tower,https://food.grab.com/ph/en/restaurant/supreme-wings-sampaloc-available-for-long-distance-delivery-delivery/2-CZNTDF6TMAE2CJ,14.5995,120.9842,"14.5995,120.9842"
53,Minute Burger - Quiapo [Available for LONG-DISTANCE DELIVERY],https://food.grab.com/ph/en/restaurant/inasal-chicken-bacolod-sm-manila-available-for-long-distance-delivery-delivery/PHGFSTI000001eo,14.5995,120.9842,"14.5995,120.9842"
54,Juice Cubi - UE Recto,https://food.grab.com/ph/en/restaurant/fudo-san-sm-manila-delivery/2-CZAZLB2BFAXHAT,14.5995,120.9842,"14.5995,120.9842"
55,Bon Appetea - Escolta,https://food.grab.com/ph/en/restaurant/cafe-mezzanine-binondo-delivery/2-C2L2R22CVX6HAA,14.5995,120.9842,"14.5995,120.9842"
56,Lechon Factory - Isetann Recto [Available for LONG-DISTANCE DELIVERY],https://food.grab.com/ph/en/restaurant/bo-s-coffee-espana-available-for-long-distance-delivery-delivery/2-CZNFWE3UCTVJNE,14.5995,120.9842,"14.5995,120.9842"
57,Dakasi Milktea - Hotstar Recto [Available for LONG-DISTANCE DELIVERY],https://food.grab.com/ph/en/restaurant/the-alley-it-s-time-for-tea-sm-manila-available-for-long-distance-delivery-delivery/2-CZBCR22FLYJCCA,14.5995,120.9842,"14.5995,120.9842"
58,Sweet Tooth - Legarda,https://food.grab.com/ph/en/restaurant/scorched-smokehouse-sm-manila-delivery/2-C22TVED3GXEGLE,14.5995,120.9842,"14.5995,120.9842"
59,Citystate Hotel - Quezon Boulevard,https://food.grab.com/ph/en/restaurant/chica-s-bagnet-express-ongpin-street-available-for-long-distance-delivery-delivery/2-CY5GHEK3RXKCGT,14.5995,120.9842,"14.5995,120.9842"
60,Macao Imperial Tea - SM Manila [Available for LONG-DISTANCE DELIVERY],https://food.grab.com/ph/en/restaurant/happy-thirstday-sampaloc-available-for-long-distance-delivery-delivery/2-C2NXGFKDPEEACE,14.5995,120.9842,"14.5995,120.9842"
61,Infinitea - SM Manila,https://food.grab.com/ph/en/restaurant/de-original-jamaican-pattie-shop-sm-manila-delivery/2-CYNFA3KCENLFVN,14.5995,120.9842,"14.5995,120.9842"
62,Boba Milk Tea By Kowloon House - Legarda [Available for LONG-DISTANCE DELIVERY],https://food.grab.com/ph/en/restaurant/lugaw-king-sm-manila-delivery/2-C2M2RUABFAV2LN,14.5995,120.9842,"14.5995,120.9842"
63,Brownies Unlimited - SM Manila [Available for LONG-DISTANCE DELIVERY],https://food.grab.com/ph/en/restaurant/sharetea-ongpin-delivery/2-C2LKETB1KADEV2,14.5995,120.9842,"14.5995,120.9842"
64,Tin & Kyle Silog Silogan - Gastambide St [Available for LONG-DISTANCE DELIVERY],https://food.grab.com/ph/en/restaurant/chapes-keto-mompreneur-manila-available-for-long-distance-delivery-delivery/2-C2X1VRDCHEVJVT,14.5995,120.9842,"14.5995,120.9842"
65,Mang Binatog - SM Manila [Available for LONG-DISTANCE DELIVERY],https://food.grab.com/ph/en/restaurant/go-bento-legarda-available-for-long-distance-delivery-delivery/2-C2WJJCA3G3ATNT,14.5995,120.9842,"14.5995,120.9842"
66,Boba Ka Tea - Loyola Street [Available for LONG-DISTANCE DELIVERY],https://food.grab.com/ph/en/restaurant/tio-paengs-loyola-available-for-long-distance-delivery-delivery/2-C2TYN8L2RY5HRN,14.5995,120.9842,"14.5995,120.9842"
67,Chachago - Legarda [Available for LONG-DISTANCE DELIVERY],https://food.grab.com/ph/en/restaurant/one-zo-tapioca-recto-available-for-long-distance-delivery-delivery/2-C2WXMEK1NRLJT2,14.5995,120.9842,"14.5995,120.9842"
68,JJJG Seafood Grill Station - SM Manila [Available for LONG-DISTANCE DELIVERY],https://food.grab.com/ph/en/restaurant/president-grand-palace-resturant-binondo-available-for-long-distance-delivery-delivery/2-C2NXDB2GJJ5JET,14.5995,120.9842,"14.5995,120.9842"
69,Smile To Go - University Tower 4,https://food.grab.com/ph/en/restaurant/nessa-s-kitchen-santa-cruz-manila-available-for-long-distance-delivery-delivery/2-C2LWVAUWAJ2ZJX,14.5995,120.9842,"14.5995,120.9842"
70,Coffee Project - Espana Boulevard,https://food.grab.com/ph/en/restaurant/shark-s-bistro-padre-noval-street-delivery/2-C2MBC62FA7MDA2,14.5995,120.9842,"14.5995,120.9842"
71,AJ Takoyaki Express - Sampaloc,https://food.grab.com/ph/en/restaurant/the-sushi-box-sm-manila-delivery/2-C3B2LEVDGK4UT6,14.5995,120.9842,"14.5995,120.9842"
72,Vista Hotel and Restaurant - Recto Street,https://food.grab.com/ph/en/restaurant/dunkin-zen-tower-delivery/2-CYWJVJJJA4K2FA,14.5995,120.9842,"14.5995,120.9842"
73,NikNoks Eatery - Gastambide St.,https://food.grab.com/ph/en/restaurant/minute-burger-quiapo-available-for-long-distance-delivery-delivery/2-CZKCC2CWGUDHUA,14.5995,120.9842,"14.5995,120.9842"
74,Street Kings - UST,https://food.grab.com/ph/en/restaurant/juice-cubi-ue-recto-delivery/2-C2BVNUDCWE2BGJ,14.5995,120.9842,"14.5995,120.9842"
75,Sip & Chow Food Express - Gastambide Street,https://food.grab.com/ph/en/restaurant/bon-appetea-escolta-delivery/2-C2JVWET1VFEZLE,14.5995,120.9842,"14.5995,120.9842"
76,Yo! Madi Yogurt Shake - Binondo Manila [Available for LONG-DISTANCE DELIVERY],https://food.grab.com/ph/en/restaurant/lechon-factory-isetann-recto-available-for-long-distance-delivery-delivery/2-CYMARRMFGEMTN2,14.5995,120.9842,"14.5995,120.9842"
77,Shawarma Shack - Isetann Recto,https://food.grab.com/ph/en/restaurant/dakasi-milktea-hotstar-recto-available-for-long-distance-delivery-delivery/2-CZAYN2CKKAJTGJ,14.5995,120.9842,"14.5995,120.9842"
78,Bo's Coffee Daily - SM Manila [Available for LONG-DISTANCE DELIVERY],https://food.grab.com/ph/en/restaurant/sweet-tooth-legarda-delivery/2-C3JVETCFHCNHNJ,14.5995,120.9842,"14.5995,120.9842"
79,Gu-Gu Food - Issetan Recto,https://food.grab.com/ph/en/restaurant/citystate-hotel-quezon-boulevard-delivery/2-CY6BDFWDEU3DJ6,14.5995,120.9842,"14.5995,120.9842"
80,Halina Hotel & Restaurant - Rizal Avenue,https://food.grab.com/ph/en/restaurant/macao-imperial-tea-sm-manila-available-for-long-distance-delivery-delivery/PHGFSTI0000016n,14.5995,120.9842,"14.5995,120.9842"
81,Asiamix Diner - P. Noval Street,https://food.grab.com/ph/en/restaurant/infinitea-sm-manila-delivery/2-C2CVNT6CVB2CSA,14.5995,120.9842,"14.5995,120.9842"
82,What the Tea - Amaia Skies [Available for LONG-DISTANCE DELIVERY],https://food.grab.com/ph/en/restaurant/boba-milk-tea-by-kowloon-house-legarda-available-for-long-distance-delivery-delivery/2-CY2EFBCDTNC1L2,14.5995,120.9842,"14.5995,120.9842"
83,J-Cobz Bistro - Loyola Street [Available for LONG-DISTANCE DELIVERY],https://food.grab.com/ph/en/restaurant/brownies-unlimited-sm-manila-available-for-long-distance-delivery-delivery/2-C2XVRNTUSGCGLX,14.5995,120.9842,"14.5995,120.9842"
84,Sisig Sa-Wrap - Gastambide Street [Available for LONG-DISTANCE DELIVERY],https://food.grab.com/ph/en/restaurant/tin-kyle-silog-silogan-gastambide-st-available-for-long-distance-delivery-delivery/2-C3AAR2CCLFKKHE,14.5995,120.9842,"14.5995,120.9842"
85,Fourteasix Milk Tea - Quiapo,https://food.grab.com/ph/en/restaurant/mang-binatog-sm-manila-available-for-long-distance-delivery-delivery/2-C2VDJFXHGUKFFA,14.5995,120.9842,"14.5995,120.9842"
86,AyosBusog Frozen Meals - King Sisig Isetann Recto,https://food.grab.com/ph/en/restaurant/boba-ka-tea-loyola-street-available-for-long-distance-delivery-delivery/2-C2AYJX31LPBYBE,14.5995,120.9842,"14.5995,120.9842"
87,Seafood Hauz - Gastambide,https://food.grab.com/ph/en/restaurant/chachago-legarda-available-for-long-distance-delivery-delivery/2-CZEVRJKDE36CR2,14.5995,120.9842,"14.5995,120.9842"
88,Auxsilog & Auxytea - Quiapo,https://food.grab.com/ph/en/restaurant/jjjg-seafood-grill-station-sm-manila-available-for-long-distance-delivery-delivery/2-CZLHC22DGLB1KA,14.5995,120.9842,"14.5995,120.9842"
89,Yoshimeatsu - UST U-Belt,https://food.grab.com/ph/en/restaurant/smile-to-go-university-tower-4-delivery/2-CYK3GNVHAYBDNT,14.5995,120.9842,"14.5995,120.9842"
90,Pizza Haus Manila - Recto Avenue,https://food.grab.com/ph/en/restaurant/coffee-project-espana-boulevard-delivery/2-CYV2KCM1RYUAPE,14.5995,120.9842,"14.5995,120.9842"
91,Tea Manila - Sampaloc [Available for LONG-DISTANCE DELIVERY],https://food.grab.com/ph/en/restaurant/aj-takoyaki-express-sampaloc-delivery/2-C2VTKEBWNRCXEJ,14.5995,120.9842,"14.5995,120.9842"
92,Ali and Pau Foodhouse - Quiapo,https://food.grab.com/ph/en/restaurant/vista-hotel-and-restaurant-recto-street-delivery/2-CY4YGT62L6A3V2,14.5995,120.9842,"14.5995,120.9842"
93,Dadudz Unli Wings - St. Thomas Square [Available for LONG-DISTANCE DELIVERY],https://food.grab.com/ph/en/restaurant/niknoks-eatery-gastambide-st-delivery/2-C2V1DCCZFCDYKA,14.5995,120.9842,"14.5995,120.9842"
94,Joni's Grill - Delos Santos Street [Available for LONG-DISTANCE DELIVERY],https://food.grab.com/ph/en/restaurant/street-kings-ust-delivery/2-C3CXBE4VCBDASE,14.5995,120.9842,"14.5995,120.9842"
95,Burger Matsing - Legarda,https://food.grab.com/ph/en/restaurant/sip-chow-food-express-gastambide-street-delivery/2-CZMUG6BAJTKZE6,14.5995,120.9842,"14.5995,120.9842"
96,"Joni's Pizza, Pasta and Grill - Ubelt Manila [Available for LONG-DISTANCE DELIVERY]",https://food.grab.com/ph/en/restaurant/yo-madi-yogurt-shake-binondo-manila-available-for-long-distance-delivery-delivery/2-C2KTENU2GVJXBE,14.5995,120.9842,"14.5995,120.9842"
97,Shancha Fresh Juice & Milktea - Benavidez Street,https://food.grab.com/ph/en/restaurant/shawarma-shack-isetann-recto-delivery/2-CYXGAAETCFLVNX,14.5995,120.9842,"14.5995,120.9842"
98,Chang Thai Tea - Sampaloc,https://food.grab.com/ph/en/restaurant/bo-s-coffee-daily-sm-manila-available-for-long-distance-delivery-delivery/2-C2LDETXYR3NDVX,14.5995,120.9842,"14.5995,120.9842"
99,The Cake Project - Ongpin Corner [Available for LONG-DISTANCE DELIVERY],https://food.grab.com/ph/en/restaurant/gu-gu-food-issetan-recto-delivery/2-C3LFSBNJETWCLT,14.5995,120.9842,"14.5995,120.9842"
100,La+Tearia - UST P. Noval,https://food.grab.com/ph/en/restaurant/halina-hotel-restaurant-rizal-avenue-delivery/2-C2TYV2AJJBMUGX,14.5995,120.9842,"14.5995,120.9842"
101,Khaleb Shawarma - SM Manila Supermarket,https://food.grab.com/ph/en/restaurant/asiamix-diner-p-noval-street-delivery/2-C2NULBBYCGDKLE,14.5995,120.9842,"14.5995,120.9842"
102,The Brewed Buddies - SM Manila [Available for LONG-DISTANCE DELIVERY],https://food.grab.com/ph/en/restaurant/what-the-tea-amaia-skies-available-for-long-distance-delivery-delivery/PHGFSTI000003ch,14.5995,120.9842,"14.5995,120.9842"
103,Corner Pizza - SM Manila [Available for LONG-DISTANCE DELIVERY],https://food.grab.com/ph/en/restaurant/j-cobz-bistro-loyola-street-available-for-long-distance-delivery-delivery/PHGFSTI000001pq,14.5995,120.9842,"14.5995,120.9842"
104,Chops To Go - SM Manila,https://food.grab.com/ph/en/restaurant/sisig-sa-wrap-gastambide-street-available-for-long-distance-delivery-delivery/PHGFSTI000001d2,14.5995,120.9842,"14.5995,120.9842"
105,Ichiro - Padre Noval Street [Available for LONG-DISTANCE DELIVERY],https://food.grab.com/ph/en/restaurant/fourteasix-milk-tea-quiapo-delivery/2-CZKUG3XDRPXYWE,14.5995,120.9842,"14.5995,120.9842"
106,Lola Nena's - Legarda [Available for LONG-DISTANCE DELIVERY],https://food.grab.com/ph/en/restaurant/ayosbusog-frozen-meals-king-sisig-isetann-recto-delivery/2-C3CCRNDFGUNTCX,14.5995,120.9842,"14.5995,120.9842"
107,Tropical Hut Hamburger - Escolta [Available for LONG-DISTANCE DELIVERY],https://food.grab.com/ph/en/restaurant/seafood-hauz-gastambide-delivery/2-C2TYVEUVLRMKJN,14.5995,120.9842,"14.5995,120.9842"
108,Tasty Dumplings - Condesa [Available for LONG-DISTANCE DELIVERY],https://food.grab.com/ph/en/restaurant/auxsilog-auxytea-quiapo-delivery/2-C2NDCPBVUCM3G2,14.5995,120.9842,"14.5995,120.9842"
109,Sincerity Cafe & Restaurant - Binondo [Available for LONG-DISTANCE DELIVERY],https://food.grab.com/ph/en/restaurant/yoshimeatsu-ust-u-belt-delivery/2-C2J1G221N8L3AA,14.5995,120.9842,"14.5995,120.9842"
110,Ling Nam - Alonzo [Available for LONG DISTANCE DELIVERY],https://food.grab.com/ph/en/restaurant/pizza-haus-manila-recto-avenue-delivery/2-C2DWWBMVJ4EDEX,14.5995,120.9842,"14.5995,120.9842"
111,Cafe France - Ongpin Street [Available for LONG-DISTANCE DELIVERY],https://food.grab.com/ph/en/restaurant/tea-manila-sampaloc-available-for-long-distance-delivery-delivery/2-C2CAEE63HBVVTT,14.5995,120.9842,"14.5995,120.9842"
112,Pancit Ng Taga Malabon - Quiapo,https://food.grab.com/ph/en/restaurant/ali-and-pau-foodhouse-quiapo-delivery/2-C2AXL8KGA7XEUA,14.5995,120.9842,"14.5995,120.9842"
113,D'Cream Coffee & Tea - Gastambide [Available for LONG-DISTANCE DELIVERY],https://food.grab.com/ph/en/restaurant/dadudz-unli-wings-st-thomas-square-available-for-long-distance-delivery-delivery/2-C23ZNBUFGADZTN,14.5995,120.9842,"14.5995,120.9842"
114,Farinas Ilocos Empanada - Quiapo [Available for LONG-DISTANCE DELIVERY],https://food.grab.com/ph/en/restaurant/joni-s-grill-delos-santos-street-available-for-long-distance-delivery-delivery/2-C23ZN7JJTCNECN,14.5995,120.9842,"14.5995,120.9842"
115,Cafe Perene - Benavidez Street [Available for LONG-DISTANCE DELIVERY],https://food.grab.com/ph/en/restaurant/burger-matsing-legarda-delivery/2-C22KFF6CGFL3G6,14.5995,120.9842,"14.5995,120.9842"
116,Fruitas - SM Manila,https://food.grab.com/ph/en/restaurant/joni-s-pizza-pasta-and-grill-ubelt-manila-available-for-long-distance-delivery-delivery/2-C2VKFFJ3L6XZBE,14.5995,120.9842,"14.5995,120.9842"
117,Quickly - Shoppers Mart [Available for LONG-DISTANCE DELIVERY],https://food.grab.com/ph/en/restaurant/shancha-fresh-juice-milktea-benavidez-street-delivery/2-C2JUGKVCPBLENN,14.5995,120.9842,"14.5995,120.9842"
118,Paotsin - Victory Lacson Underpass [Available for LONG-DISTANCE DELIVERY],https://food.grab.com/ph/en/restaurant/chang-thai-tea-sampaloc-delivery/2-C2VYAKUVSFLANX,14.5995,120.9842,"14.5995,120.9842"
119,Awiâ€™s Cafe & Restaurant - Yuchengco Street,https://food.grab.com/ph/en/restaurant/the-cake-project-ongpin-corner-available-for-long-distance-delivery-delivery/2-C23DT76JFEXTCJ,14.5995,120.9842,"14.5995,120.9842"
120,Hai Pio Pares + Bbq - Carriedo,https://food.grab.com/ph/en/restaurant/la-tearia-ust-p-noval-delivery/2-CZKTV4K2NZEWJ2,14.5995,120.9842,"14.5995,120.9842"
121,Sisig Hooray - SM Manila,https://food.grab.com/ph/en/restaurant/khaleb-shawarma-sm-manila-supermarket-delivery/2-C2DKTJ4GTE5TEA,14.5995,120.9842,"14.5995,120.9842"
122,Potato Corner - T. Pinpin Street,https://food.grab.com/ph/en/restaurant/the-brewed-buddies-sm-manila-available-for-long-distance-delivery-delivery/2-C2TACP3FJ4N2EA,14.5995,120.9842,"14.5995,120.9842"
123,Cow-Wow Sausage Haus - 937 P. Noval,https://food.grab.com/ph/en/restaurant/corner-pizza-sm-manila-available-for-long-distance-delivery-delivery/2-C2WCLK4VARLDUE,14.5995,120.9842,"14.5995,120.9842"
124,The Coffee Bean & Tea Leaf - Laperal Apartments,https://food.grab.com/ph/en/restaurant/chops-to-go-sm-manila-delivery/2-CZBHAKAWAPAGGE,14.5995,120.9842,"14.5995,120.9842"
125,BreadTalk - SM Manila,https://food.grab.com/ph/en/restaurant/ichiro-padre-noval-street-available-for-long-distance-delivery-delivery/2-C2ACHENGLEEYRN,14.5995,120.9842,"14.5995,120.9842"
126,Famous Belgian Waffles - SM Manila [Available for LONG-DISTANCE DELIVERY],https://food.grab.com/ph/en/restaurant/lola-nena-s-legarda-available-for-long-distance-delivery-delivery/2-CYWKAF4HRY4YKA,14.5995,120.9842,"14.5995,120.9842"
127,Balai Pandesal - JT Centrale,https://food.grab.com/ph/en/restaurant/tropical-hut-hamburger-escolta-available-for-long-distance-delivery-delivery/2-CYVKSE5CLBNHGX,14.5995,120.9842,"14.5995,120.9842"
128,Fruitas & De Original Jamaican Pattie - Pacific Centre,https://food.grab.com/ph/en/restaurant/tasty-dumplings-condesa-available-for-long-distance-delivery-delivery/2-C2MKTPBVAFW3RA,14.5995,120.9842,"14.5995,120.9842"
129,Belden Milktea - Padre Noval Street [Available for LONG-DISTANCE DELIVERY],https://food.grab.com/ph/en/restaurant/sincerity-cafe-restaurant-binondo-available-for-long-distance-delivery-delivery/2-CY2FBBU1R3KFLX,14.5995,120.9842,"14.5995,120.9842"
130,Soy & Bean - Pacific Centre Binondo,https://food.grab.com/ph/en/restaurant/ling-nam-alonzo-available-for-long-distance-delivery-delivery/2-C22JWEMHC8CALX,14.5995,120.9842,"14.5995,120.9842"
131,Cafe Aquatica - Binondo [Available for LONG-DISTANCE DELIVERY],https://food.grab.com/ph/en/restaurant/cafe-france-ongpin-street-available-for-long-distance-delivery-delivery/PHGFSTI0000016w,14.5995,120.9842,"14.5995,120.9842"
132,Don Benito's - Quiapo,https://food.grab.com/ph/en/restaurant/pancit-ng-taga-malabon-quiapo-delivery/2-C2UGAEDFJYCDFA,14.5995,120.9842,"14.5995,120.9842"
133,Mister Donut - Lacson Underpass,https://food.grab.com/ph/en/restaurant/d-cream-coffee-tea-gastambide-available-for-long-distance-delivery-delivery/2-CYJ2NBDCN2VWLE,,,
134,Tolit's Peri Peri - Morayta,https://food.grab.com/ph/en/restaurant/farinas-ilocos-empanada-quiapo-available-for-long-distance-delivery-delivery/2-C2B1N8AYJTUJJE,,,
135,G&G Fried Chicken - Palanca,https://food.grab.com/ph/en/restaurant/cafe-perene-benavidez-street-available-for-long-distance-delivery-delivery/2-C2CZUEEGV6BBDE,,,
136,Soy & Bean and Balai Pandesal - New Piac Bee,https://food.grab.com/ph/en/restaurant/fruitas-sm-manila-delivery/2-CYNFTU4BAKVBJA,,,
137,Karate Kid - Centro Escolar University [Available for LONG-DISTANCE DELIVERY],https://food.grab.com/ph/en/restaurant/quickly-shoppers-mart-available-for-long-distance-delivery-delivery/2-C2NZNPLTLPJDDE,,,
138,Soy Yummy - SM Manila,https://food.grab.com/ph/en/restaurant/paotsin-victory-lacson-underpass-available-for-long-distance-delivery-delivery/2-C3JDLZMCRJWANE,,,
139,Kowloon House - Quiapo,https://food.grab.com/ph/en/restaurant/awi%E2%80%99s-cafe-restaurant-yuchengco-street-delivery/2-CZA3E7VHNYWVAE,,,
140,"Max's Corner Bakery (Cakes, Breads & Pastries) - SM Manila",https://food.grab.com/ph/en/restaurant/hai-pio-pares-bbq-carriedo-delivery/2-CZKULF3FEKKFBE,,,
141,Yang Garden Food House - Gregorio Masangkay,https://food.grab.com/ph/en/restaurant/sisig-hooray-sm-manila-delivery/2-CYWKTUCFGJKADE,,,
142,Five Spice Express - Ramada by Wyndham Manila Central [Available for LONG-DISTANCE DELIVERY],https://food.grab.com/ph/en/restaurant/potato-corner-t-pinpin-street-delivery/2-C24GG32BEJNKEN,,,
143,"Master Siomai, Siopao & Leche Flan - Sampaloc Manila",https://food.grab.com/ph/en/restaurant/cow-wow-sausage-haus-937-p-noval-delivery/AWjGMbxcZXYdMpch2oCh,,,
144,Chicken Houz - Sampaloc [Available for LONG-DISTANCE DELIVERY],https://food.grab.com/ph/en/restaurant/the-coffee-bean-tea-leaf-laperal-apartments-delivery/2-C2DJA223BEC2NE,,,
145,I Love Milktea - Concepcion Manila,https://food.grab.com/ph/en/restaurant/breadtalk-sm-manila-delivery/2-CZEWLZKCGTJDT6,,,
146,Smile To Go - Legarda Street [Available for LONG-DISTANCE DELIVERY],https://food.grab.com/ph/en/restaurant/famous-belgian-waffles-sm-manila-available-for-long-distance-delivery-delivery/PHGFSTI000001tb,,,
147,Cafe De Soledad - Gastambide St.,https://food.grab.com/ph/en/restaurant/balai-pandesal-jt-centrale-delivery/2-C3AYNLCBDBK3GJ,,,
148,Mariela Bakeshop - Bilibid Viejo Street,https://food.grab.com/ph/en/restaurant/fruitas-de-original-jamaican-pattie-pacific-centre-delivery/2-C3AXJVNVLPVUL6,,,
149,Takoishi - Binondo,https://food.grab.com/ph/en/restaurant/belden-milktea-padre-noval-street-available-for-long-distance-delivery-delivery/2-C2B1VKEFVF6HRT,,,
150,J&G Milktea Avenue - Trinidad Street,https://food.grab.com/ph/en/restaurant/soy-bean-pacific-centre-binondo-delivery/2-C25YJ2DWTT2ZJJ,,,
151,My Cup - Gonzalo Extension,https://food.grab.com/ph/en/restaurant/cafe-aquatica-binondo-available-for-long-distance-delivery-delivery/PHGFSTI000003f9,,,
152,Gotobox - Legarda[Available for LONG-DISTANCE DELIVERY],https://food.grab.com/ph/en/restaurant/don-benito-s-quiapo-delivery/2-CY2EV76CAKN3EA,,,
153,Sisig Ok - Recto Manila,https://food.grab.com/ph/en/restaurant/mister-donut-lacson-underpass-delivery/2-C2XWJAXTEF3GA2,,,
154,Diversitea - Loyola Street,https://food.grab.com/ph/en/restaurant/tolit-s-peri-peri-morayta-delivery/2-C3LFV6NHVE6KV6,,,
155,June-Nairah Halal Food Restaurant - Elizondo Street,https://food.grab.com/ph/en/restaurant/g-g-fried-chicken-palanca-delivery/2-C3DCR6JEAT5HTE,,,
156,Oppa's Corndog Style - Victory Lacson Quiapo,https://food.grab.com/ph/en/restaurant/soy-bean-and-balai-pandesal-new-piac-bee-delivery/2-C2CALEJZVEDJLX,,,
157,Angel's Sizzling - Delos Santos Street [Available for LONG-DISTANCE DELIVERY],https://food.grab.com/ph/en/restaurant/karate-kid-centro-escolar-university-available-for-long-distance-delivery-delivery/2-CYUCFGKUC2LASE,,,
158,Sisig Station - St Thomas Square,https://food.grab.com/ph/en/restaurant/soy-yummy-sm-manila-delivery/2-C2JUECDHCX5BTN,,,
159,Pares Kimchi - Mehan Garden,https://food.grab.com/ph/en/restaurant/kowloon-house-quiapo-delivery/2-C3LHKB3JE7XJNX,,,
160,Chawadi Cup - Ongpin [Available for LONG-DISTANCE DELIVERY],https://food.grab.com/ph/en/restaurant/max-s-corner-bakery-cakes-breads-pastries-sm-manila-delivery/2-C3LCLAVAL3JDGX,,,
161,Baon Fish - Manila,https://food.grab.com/ph/en/restaurant/yang-garden-food-house-gregorio-masangkay-delivery/2-C3LFUFCXNZCFMA,,,
162,Big Daddy's Cup - JT Centrale,https://food.grab.com/ph/en/restaurant/five-spice-express-ramada-by-wyndham-manila-central-available-for-long-distance-delivery-delivery/PHGFSTI000001pi,,,
163,Polland Hopia - Benavidez Street [Available for LONG-DISTANCE DELIVERY],https://food.grab.com/ph/en/restaurant/master-siomai-siopao-leche-flan-sampaloc-manila-delivery/2-C3KHLT4GT4CVDE,,,
164,Appa's Bapsang - Intramuros [Available for LONG-DISTANCE DELIVERY],https://food.grab.com/ph/en/restaurant/chicken-houz-sampaloc-available-for-long-distance-delivery-delivery/2-CZNTEBLEV6TAPE,,,
165,Chicky Restaurant - Binondo,https://food.grab.com/ph/en/restaurant/i-love-milktea-concepcion-manila-delivery/2-C2AEDE3ZR7JTCE,,,
166,It's Time Unliwings - Sampaloc,https://food.grab.com/ph/en/restaurant/smile-to-go-legarda-street-available-for-long-distance-delivery-delivery/2-CY5BGF2JA63CCE,,,
167,The Thai Plate - Fugoso Street,https://food.grab.com/ph/en/restaurant/cafe-de-soledad-gastambide-st-delivery/2-C2U2EXCFHGJATA,,,
168,Travel Burger Cafe - Sampaloc,https://food.grab.com/ph/en/restaurant/mariela-bakeshop-bilibid-viejo-street-delivery/2-C2LYDB4ZJ4BWRX,,,
169,Toribox - Tower Manila,https://food.grab.com/ph/en/restaurant/takoishi-binondo-delivery/2-C2LFNVJVTYLWLN,,,
170,Perico's Grill - Mendiola,https://food.grab.com/ph/en/restaurant/j-g-milktea-avenue-trinidad-street-delivery/2-C2L3PGEKJ3XFBA,,,
171,The Tapsishop - Sampaloc Manila,https://food.grab.com/ph/en/restaurant/my-cup-gonzalo-extension-delivery/2-C2KFCP6KV25DTE,,,
172,Goo Dee Taiwan Milk Tea - Sampaloc [Available for LONG-DISTANCE DELIVERY],https://food.grab.com/ph/en/restaurant/gotobox-legarda-available-for-long-distance-delivery-delivery/2-C2JFANJWFFBWGN,,,
173,Kalsada Burger - UST [Available for LONG-DISTANCE DELIVERY],https://food.grab.com/ph/en/restaurant/sisig-ok-recto-manila-delivery/2-C2EBR24TC76JDA,,,
174,Buko Express - SM Manila [Available for LONG-DISTANCE DELIVERY],https://food.grab.com/ph/en/restaurant/diversitea-loyola-street-delivery/2-C2DJTPE1TKL1FE,,,
175,Monster Wings - SM Manila [Available for LONG-DISTANCE DELIVERY],https://food.grab.com/ph/en/restaurant/june-nairah-halal-food-restaurant-elizondo-street-delivery/2-C2AZE3UAG4E2ET,,,
176,Coffee Plus - Metro Suites Building,https://food.grab.com/ph/en/restaurant/oppa-s-corndog-style-victory-lacson-quiapo-delivery/2-C24FLJCWCFNVSE,,,
177,Mister Lemon - Ermita,https://food.grab.com/ph/en/restaurant/angel-s-sizzling-delos-santos-street-available-for-long-distance-delivery-delivery/2-C23ZN3NYEBJKL6,,,
178,Four in Love BBQ and Hotpot Buffet - SM Manila [Available for LONG-DISTANCE DELIVERY],https://food.grab.com/ph/en/restaurant/sisig-station-st-thomas-square-delivery/2-CY2ATPJTE3XUCJ,,,
179,Chik'N Tea - Torre Central [Available for LONG-DISTANCE DELIVERY],https://food.grab.com/ph/en/restaurant/pares-kimchi-mehan-garden-delivery/2-C2UWV6DZJ34ETT,,,
180,Chicks and Fins - P. Noval,https://food.grab.com/ph/en/restaurant/chawadi-cup-ongpin-available-for-long-distance-delivery-delivery/2-CYXJNY4XHGDXDA,,,
181,Mangan - SM Manila [Available for LONG-DISTANCE DELIVERY],https://food.grab.com/ph/en/restaurant/baon-fish-manila-delivery/2-C2L1VXUYJAWDTE,,,
